book	chapter	verse	commentary
Jn	1	1	1. They that are spectators of the heathen games, when they have learned that a distinguished athlete and winner of crowns has come from any quarter, run all together to view his wrestling, and all his skill and strength; and you may see the whole theater of many ten thousands, all there straining their eyes both of body and mind, that nothing of what is done may escape them. So again these same persons, if any admirable musician come among them, leave all that they had in hand, which often is necessary and pressing business, and mount the steps, and sit listening very attentively to the words and the accompaniments, and criticising the agreement of the two. This is what the many do.
Jn	1	1	Were John about to converse with us, and to say to us words of his own, we needs must describe his family, his country, and his education. But since it is not he, but God by him, that speaks to mankind, it seems to me superfluous and distracting to enquire into these matters. And yet even thus it is not superfluous, but even very necessary. For when you have learned who he was, and from whence, who his parents, and what his character, and then hear his voice and all his heavenly wisdom, then you shall know right well that these (doctrines) belong not to him, but to the Divine power stirring his soul.
Jn	1	1	1. On the subject of attention in hearkening it is superfluous to exhort you any more, so quickly have you shown by your actions the effects of my advice. For your manner of running together, your attentive postures, the thrusting one another in your eagerness to get the inner places, where my voice may more clearly be heard by you, your unwillingness to retire from the press until this spiritual assembly be dissolved, the clapping of hands, the murmurs of applause; in a word, all things of this kind may be considered proofs of the fervor of your souls, and of your desire to hear. So that on this point it is superfluous to exhort you.
Jn	1	1	1. When children are just brought to their learning, their teachers do not give them many tasks in succession, nor do they set them once for all, but they often repeat to them the same short ones, so that what is said may be easily implanted in their minds, and they may not be vexed at the first onset with the quantity, and with finding it hard to remember, and become less active in picking up what is given them, a kind of sluggishness arising from the difficulty. And I, who wish to effect the same with you, and to render your labor easy, take little by little the food which lies on this Divine table, and instill it into your souls. On this account I shall handle again the same words, not so as to say again the same things, but to set before you only what yet remains.
Jn	1	3	1. Moses in the beginning of the history and writings of the Old Testament speaks to us of the objects of sense, and enumerates them to us at length. For, In the beginning, he says, God made the heaven and the earth, and then he adds, that light was created, and a second heaven and the stars, the various kinds of living creatures, and, that we may not delay by going through particulars, everything else. But this Evangelist, cutting all short, includes both these things and the things which are above these in a single sentence; with reason, because they were known to his hearers, and because he is hastening to a greater subject, and has instituted all his treatise, that he might speak not of the works but of the Creator, and Him who produced them all.
Jn	1	6	1. Having in the introduction spoken to us things of urgent importance concerning God the Word, (the Evangelist) proceeding on his road, and in order, afterwards comes to the herald of the Word, his namesake John. And now that you hear that he was sent from God, do not for the future imagine that any of the words spoken by him are mere man's words; for all that he utters is not his own, but is of Him who sent him. Wherefore he is called messenger Malachi 3:1, for the excellence of a messenger is, that he say nothing of his own. But the expression was, in this place is not significative of his coming into existence, but refers to his office of messenger; for 'there was' a man sent from God, is used instead of a man 'was sent' from God.
Jn	1	9	1. The reason, O children greatly beloved, why we entertain you portion by portion with the thoughts taken from the Scriptures, and do not at once pour all forth to you, is, that the retaining what is successively set before you may be easy. For even in building, one who before the first stones are settled lays on others, constructs a rotten wall altogether, and easily thrown down: while one who waits that the mortar may first get hard, and so adds what remains little by little, finishes the whole house firmly, and makes it strong, not one to last for a short time, or easily to fall to pieces. These builders we imitate, and in like manner build up your souls.
Jn	1	9	1. Nothing hinders us from handling today also the same words, since before we were prevented by the setting forth of doctrines, from considering all that was read. Where now are those who deny that He is true God? For here He is called the true Light John 14:6, and elsewhere very Truth and very Life. That saying we will discuss more clearly when we come to the place; but at present we must for a while be speaking to your Charity of that other matter. If He lights every man that comes into the world, how is it that so many continue unenlightened? For not all have known the majesty of Christ. How then does He light every man? He lights all as far as in Him lies.
Jn	1	11	1. If you remember our former reflections, we shall the more zealously proceed with the building up of what remains, as doing so for great gain. For so will our discourse be more intelligible to you who remember what has been already said, and we shall not need much labor, because you are able through your great love of learning to see more clearly into what remains. The man who is always losing what is given to him will always need a teacher, and will never know anything; but he who retains what he has received, and so receives in addition what remains, will quickly be a teacher instead of a learner, and useful not only to himself, but to all others also; as, conjecturing from their great readiness to hear, I anticipate that this assembly will specially be.
Jn	1	11	1. Beloved, God being loving towards man and beneficent, does and contrives all things in order that we may shine in virtue, and as desiring that we be well approved by Him. And to this end He draws no one by force or compulsion: but by persuasion and benefits He draws all that will, and wins them to Himself. Wherefore when He came, some received Him, and others received Him not. For He will have no unwilling, no forced domestic, but all of their own will and choice, and grateful to Him for their service.
Jn	1	14	1. I desire to ask one favor of you all, before I touch on the words of the Gospel; do not you refuse my request, for I ask nothing heavy or burdensome, nor, if granted, will it be useful only to me who receive, but also to you who grant it, and perhaps far more so to you. What then is it that I require of you? That each of you take in hand that section of the Gospels which is to be read among you on the first day of the week, or even on the Sabbath, and before the day arrive, that he sit down at home and read it through, and often carefully consider its contents, and examine all its parts well, what is clear, what obscure, what seems to make for the adversaries, but does not really so; and when you have tried, in a word every point, so go to hear it read. For from zeal like this will be no small gain both to you and to us.
Jn	1	14	1. Perhaps we seemed to you the other day needlessly hard upon you and burdensome, using too sharp language, and extending too far our reproaches against the sluggishness of the many. Now if we had done this merely from a desire to vex you, each of you would with cause have been angry; but if, looking to your advantage, we neglected in our speech what might gratify you, if you will not give us credit for our forethought, you should at least pardon us on account of such tender love. For in truth we greatly fear, lest, if we are taking pains, and you are not willing to manifest the same diligence in listening your future reckoning may be the more severe. Wherefore we are compelled continually to arouse and waken you, that nothing of what is said may escape you.
Jn	1	15	1. Do we then run and labor in vain? Are we sowing upon the rocks? Does the seed fall upon the rocks? Does the seed fall without our knowing it by the wayside, and among thorns? I am greatly troubled and fear, lest our husbandry be unprofitable; not as though I shall be a loser as well as you, touching the reward of this labor. For it is not with those who teach as it is with husbandmen. Oftentimes the husbandman after his year's toil, his hard work and sweat, if the earth produce no suitable return for his pains, will be able to find comfort for his labors from none else, but returns ashamed and downcast from his barn to his dwelling, his wife and children, unable to require of any man a reward for his lengthened toil. But in our case there is nothing like this.
Jn	1	16	1. I said the other day, that John, to resolve the doubts of those who should question with themselves how the Lord, though He came after to the preaching, became before and more glorious than he, added, for He was before me. And this is indeed one reason. But not content with this, he adds again a second, which now he declares. What is it? And of his fullness, says he, have all we received, and grace for grace. With these again he mentions another. What is this? That John 1:17 The law was given by Moses, but grace and truth came by Jesus Christ. And what means that, says he, Of His fullness have all we received? For to this we must for a while direct our discourse.
Jn	1	18	1. God will not have us listen to the words and sentences contained in the Scriptures carelessly, but with much attention. This is why the blessed David has prefixed in many places to his Psalms the title for understanding, and has said, Open Thou my eyes, that I may behold wondrous things out of Your Law. Psalm 32:42, etc.; Psalm 119:18 And after him his son again shows that we ought to seek out wisdom as silver, and to make merchandise of her rather than of gold. Proverbs 2:4 and 3:14 [partially quoted]; John 5:39 And the Lord when He exhorts the Jews to search the Scriptures, the more urges us to the enquiry, for He would not thus have spoken if it were possible to comprehend them immediately at the first reading.
Jn	1	19	1. A dreadful thing is envy, beloved, a dreadful thing and a pernicious, to the enviers, not to the envied. For it harms and wastes them first, like some mortal venom deeply seated in their souls; and if by chance it injure its objects, the harm it does is small and trifling, and such as brings greater gain than loss. Indeed not in the case of envy only, but in every other, it is not he that has suffered, but he that has done the wrong, who receives injury. For had not this been so, Paul would not have enjoined the disciples rather to endure wrong than to inflict it, when he says, Why do you not rather take wrong? Why do you not rather suffer yourselves to be defrauded? 1 Corinthians 6:7 Well he knew, that destruction ever follows, not the injured party, but the injuring. All this I have said, by reason of the envy of the Jews.
Jn	1	28	1. A great virtue is boldness and freedom of speech, and the making all things second in importance to the confessing of Christ; so great and admirable, that the Only-begotten Son of God proclaims such an one in the presence of the Father. Luke 12:8 Yet the recompense is more than just, for you confess upon earth, He in heaven, thou in the presence of men, He before the Father and all the angels. Such an one was John, who regarded not the multitude, nor opinion, nor anything else belonging to men, but trod all this beneath his feet, and proclaimed to all with becoming freedom the things respecting Christ. And therefore the Evangelist marks the very place, to show the boldness of the loud-voiced herald.
Jn	1	35	1. The nature of man is somehow a thing slothful, and easily declining to perdition, not by reason of the constitution of the nature itself, but by reason of that sloth which is of deliberate choice. Wherefore it needs much reminding. And for this cause Paul, writing to the Philippians, said, To write the same things to you, to me indeed is not grievous, but for you it is safe. Philippians 3:1 The earth when it has once received the seed, straightway gives forth its fruits, and needs not a second sowing; but with our souls it is not so, and one must be content, after having sown many times, and manifested much carefulness, to be able once to receive fruit.
Jn	1	41	1. When God in the beginning made man, He did not allow him to be alone, but gave him woman for a helpmate, and made them to dwell together, knowing that great advantage would result from this companionship. What though the woman did not rightly employ this benefit? Still if any one make himself fully acquainted with the nature of the matter, he will see, that to the wise great advantage arises from this dwelling together; not in the cause of wife or husband only, but if brothers do this, they also shall enjoy the benefit. Wherefore the Prophet has said, What is good, what is pleasant, but that brethren should dwell together? Psalm 133:1, Septuagint And Paul exhorted not to neglect the assembling of ourselves together.
Jn	1	43	1. To every careful thinker there is a gain Proverbs 14:23, Septuagint, says the proverb; and Christ implied more than this, when He said, He that seeks finds. Matthew 7:8 Wherefore it does not occur to me any more to wonder how Philip followed Christ. Andrew was persuaded when he had heard from John, and Peter the same from Andrew, but Philip not having learned anything from any but Christ who said to him only this, Follow Me, straightway obeyed, and went not back, but even became a preacher to others. For he ran to Nathanael and said to him, We have found Him of whom Moses in the Law and the Prophets did write. Do you see what a thoughtful mind he had, how assiduously he meditated on the writings of Moses, and expected the Advent? For the expression, we have found, belongs always to those who are in some way seeking.
Jn	1	49	1. Beloved, we need much care, much watchfulness, to be able to look into the depth of the Divine Scriptures. For it is not possible to discover their meaning in a careless way, or while we are asleep, but there needs close search, and there needs earnest prayer, that we may be enabled to see some little way into the secrets of the divine oracles. Today, for instance, here is no trifling question proposed to us, but one which requires much zeal and enquiry. For when Nathanael said, You are the Son of God, Christ replies, Because I said to you, I saw you under the fig-tree, do you believe? You shall see greater things than these.
Jn	2	4	1. In preaching the word there is some toil, and this Paul declares when he says, Let the elders that rule well be counted worthy of double honor, especially they who labor in the word and doctrine. 1 Timothy 5:17 Yet it is in your power to make this labor light or heavy; for if you reject our words, or if without actually rejecting them you do not show them forth in your works, our toil will be heavy, because we labor uselessly and in vain: while if you heed them and give proof of it by your works, we shall not even feel the toil, because the fruit produced by our labor will not suffer the greatness of that labor to appear.
Jn	2	11	1. Frequent and fierce is the devil in his attacks, on all sides besieging our salvation; we therefore must watch and be sober, and everywhere fortify ourselves against his assault, for if he but gain some slight vantage ground, he goes on to make for himself a broad passage, and by degrees introduces all his forces. If then we have any care at all for our salvation, let us not allow him to make his approaches even in trifles, that thus we may check him beforehand in important matters; for it would be the extreme of folly, if, while he displays such eagerness to destroy our souls, we should not bring even an equal amount in defense of our own salvation.
Jn	2	23	1. Of the men of that time some clung to their error, others laid hold on the truth, while of these last, some having retained it for a little while again fell off from it. Alluding to these, Christ compared them to seeds not deeply sown, but having their roots upon the surface of the earth; and He said that they should quickly perish. And these the Evangelist has here pointed out to us, saying, When He was in Jerusalem, at the Passover, in the feast, many believed on Him, when they saw the miracles which He did. John 2:24 But Jesus did not commit Himself unto them. For they were the more perfect among His disciples, who came to Him not only because of His miracles, but through His teaching also.
Jn	3	5	1. Little children who go daily to their teachers receive their lessons, and repeat them, and never cease from this kind of acquisition, but sometimes employ nights as well as days, and this they are compelled to do for perishable and transient things. Now we do not ask of you who have come to age such toil as you require of your children; for not every day, but two days only in the week do we exhort you to hearken to our words, and only for a short portion of the day, that your task may be an easy one.
Jn	3	6	1. Great mysteries are they, of which the Only-begotten Son of God has counted us worthy; great, and such as we were not worthy of, but such as it was meet for Him to give. For if one reckon our desert, we were not only unworthy of the gift, but also liable to punishment and vengeance; but He, because He looked not to this, not only delivered us from punishment, but freely gave us a life much more bright than the first, introduced us into another world, made us another creature; If any man be in Christ, says Paul, he is a new creature. 2 Corinthians 5:17 What kind of new creature? Hear Christ Himself declare; Unless a man be born of water and of the Spirit, he cannot enter into the Kingdom of God. Paradise was entrusted to us, and we were shown unworthy to dwell even there, yet He has exalted us to heaven.
Jn	3	12	1. What I have often said I shall now repeat, and shall not cease to say. What is that? It is that Jesus, when about to touch on sublime doctrines, often contains Himself by reason of the infirmity of His hearers, and dwells not for a continuance on subjects worthy of His greatness, but rather on those which partake of condescension. For the sublime and great, being but once uttered, is sufficient to establish that character, as far as we are able to hear it; but unless more lowly sayings, and such as are near to the comprehension of the hearers, were continually uttered, the more sublime would not readily take hold on a groveling listener. And therefore of the sayings of Christ more are lowly than sublime.
Jn	3	17	1. Many of the more careless sort of persons, using the lovingkindness of God to increase the magnitude of their sins and the excess of their disregard, speak in this way, There is no hell, there is no future punishment, God forgives us all sins. To stop whose mouths a wise man says, Say not, His mercy is great, He will be pacified for the multitude of my sins; for mercy and wrath come from Him, and His indignation rests upon sinners Sirach 5:6: and again, As His mercy is great, so is His correction also.
Jn	3	22	1. Nothing can be clearer or mightier than the truth, just as nothing is weaker than falsehood, though it be shaded by ten thousand veils. For even so it is easily detected, it easily melts away. But truth stands forth unveiled for all that will behold her beauty; she seeks no concealment, dreads no danger, trembles at no plots, desires not glory from the many, is accountable to no mortal thing, but stands above them all, is the object of ten thousand secret plots, yet remains unconquerable, and guards as in a sure fortress these who fly to her by her own exceeding might, who avoids secret lurking places, and sets what is hers before all men. And this Christ conversing with Pilate declared, when He said, I ever taught openly, and in secret have I said nothing.
Jn	3	31	1. A dreadful thing is the love of glory, dreadful and full of many evils; it is a thorn hard to be extracted, a wild beast untamable and many headed, arming itself against those that feed it; for as the worm eats through the wood from which it is born, as rust wastes the iron whence it comes forth, and moths the fleeces, so vainglory destroys the soul which nourishes it; and therefore we need great diligence to remove the passion. Observe here how long a charm John uses over the disciples affected by it, and can scarcely pacify them. For he softens them with other words besides those already mentioned. And what are these others? He that comes from above, he says, is above all; he that is of the earth, is earthly, and speaks of the earth.
Jn	3	35	1. Great is shown to be in all things the gain of humility. Thus it is that we have brought arts to perfection, not by learning them all at once from our teachers; it is thus that we have built cities, putting them together slowly, little by little; it is thus that we maintain our life. And marvel not if the thing has so much power in matters pertaining to this life, when in spiritual things one may find that great is the power of this wisdom. For so the Jews were enabled to be delivered from their idolatry, being led on gently and little by little, and hearing from the first nothing sublime concerning either doctrine or life. So after the coming of Christ, when it was the time for higher doctrines, the Apostles brought over all men without at first uttering anything sublime.
Jn	4	13	1. Scripture calls the grace of the Spirit sometimes Fire, sometimes Water, showing that these names are not descriptive of its essence, but of its operation; for the Spirit, being Invisible and Simple, cannot be made up of different substances. Now the one John declares, speaking thus, He shall baptize you with the Holy Ghost, and with Fire Matthew 3:11: the other, Christ, Out of his belly shall flow rivers of living water. John 7:38 But this, says John, spoke He of the Spirit, which they should receive. So also conversing with the woman, He calls the Spirit water; for, Whosoever shall drink of the water which I shall give him, shall never thirst.
Jn	4	21	1. Everywhere, beloved, we have need of faith, faith the mother of blessings, the medicine of salvation; and without this it is impossible to possess any one of the great doctrines. Without this, men are like to those who attempt to cross the open sea without a ship, who for a little way hold out by swimming, using both hands and feet, but when they have advanced farther, are quickly swamped by the waves: in like manner they who use their own reasonings, before they have learned anything, suffer shipwreck; as also Paul says, Who concerning faith have made shipwreck. 1 Timothy 1:19 That this be not our case, let us hold fast the sacred anchor by which Christ brings over the Samaritan woman now.
Jn	4	28	1. We require much fervor and uproused zeal, for without these it is impossible to obtain the blessings promised to us. And to show this, Christ at one time says, Except a man take up his cross and follow Me, he is not worthy of Me Matthew 10:38; at another, I have come to send fire upon the earth, and what will I if it be already kindled? Luke 12:49; by both these desiring to represent to us a disciple full of heat and fire, and prepared for every danger. Such an one was this woman. For so kindled was she by His words, that she left her water pot and the purpose for which she came, ran into the city, and drew all the people to Jesus. Come, she says, see a Man which told me all things that ever I did.
Jn	4	40	Nothing is worse than envy and malice, nothing more mischievous than vainglory; it is wont to mar ten thousand good things. So the Jews, who excelled the Samaritans in knowledge, and had been always familiar with the Prophets, were shown from this cause inferior to them. For these believed even on the testimony of the woman, and without having seen any sign, came forth beseeching Christ to tarry with them; but the Jews, when they had beheld His wonders, not only did not detain Him among them, but even drove Him away, and used every means to cast Him forth from their land, although His very Coming had been for their sake. The Jews expelled Him, but these even entreated Him to tarry with them.
Jn	4	54	1. As in gold mines one skillful in what relates to them would not endure to overlook even the smallest vein as producing much wealth, so in the holy Scriptures it is impossible without loss to pass by one jot or one tittle, we must search into all. For they all are uttered by the Holy Spirit, and nothing useless is written in them. Consider, for instance, what the Evangelist in this place says, This is again the second miracle that Jesus did, when He had come out of Juda into Galilee. Even the word second he has added not without cause, but to exalt yet more the praise of the Samaritans, by showing that even when a second miracle had been wrought, they who beheld it had not yet reached as high as those who had not seen one.
Jn	5	6	1. Great is the profit of the divine Scriptures, and all-sufficient is the aid which comes from them. And Paul declared this when he said, Whatsoever things were written aforetime, were written aforetime for our admonition upon whom the ends of the world have come, that we through patience and comfort of the Scriptures might have hope. Romans 15:4, 1 Corinthians 10:11 For the divine oracles are a treasury of all manner of medicines, so that whether it be needful to quench pride, to lull desire to sleep, to tread under foot the love of money, to despise pain, to inspire confidence, to gain patience, from them one may find abundant resource.
Jn	5	14	1. A fearful thing is sin, fearful, and the ruin of the soul, and the mischief oftentimes through its excess has overflowed and attacked men's bodies also. For since for the most part when the soul is diseased we feel no pain, but if the body receive though but a little hurt, we use every exertion to free it from its infirmity, because we are sensible of the infirmity, therefore God oftentimes punishes the body for the transgressions of the soul, so that by means of the scourging of the inferior part, the better part also may receive some healing.
Jn	5	23	1. Beloved, we need great diligence in all things, for we shall render account of and undergo a strict enquiry both of words and works. Our interests stop not with what now is, but a certain other condition of life shall receive us after this, and we shall be brought before a fearful tribunal.
Jn	5	31	1. If any one unpracticed in the art undertake to work a mine, he will get no gold, but confounding all aimlessly and together, will undergo a labor unprofitable and pernicious: so also they who understand not the method of Holy Scripture, nor search out its peculiarities and laws, but go over all its points carelessly and in one manner, will mix the gold with earth, and never discover the treasure which is laid up in it. I say this now because the passage before us contains much gold, not indeed manifest to view, but covered over with much obscurity, and therefore by digging and purifying we must arrive at the legitimate sense.
Jn	5	39	Search the Scriptures; for in them ye think you have eternal life; and they are they which testify of Me. And ye will not come to Me that you might have [eternal ] life. 1. Beloved, let us make great account of spiritual things, and not think that it is sufficient for us to salvation to pursue them anyhow. For if in things of this life a man can gain no great profit if he conduct them in an indifferent and chance way, much more will this be the case in spiritual things, since these require yet greater attention. Wherefore Christ when He referred the Jews to the Scriptures, sent them not to a mere reading, but a careful and considerate search; for He said not, Read the Scriptures, but, Search the Scriptures.
Jn	6	1	1. Beloved, let us not contend with violent men, but learn when the doing so brings no hurt to our virtue to give place to their evil counsels; for so all their hardihood is checked. As darts when they fall upon a firm, hard, and resisting substance, rebound with great violence on those who throw them, but when the violence of the cast has nothing to oppose it, it soon becomes weaker and ceases, so is it with insolent men; when we contend with them they become the fiercer, but when we yield and give ground, we easily abate all their madness. Wherefore the Lord when He knew that the Pharisees had heard that Jesus made and baptized more disciples than John, went into Galilee, to quench their envy, and to soften by His retirement the wrath which was likely to be engendered by these reports.
Jn	6	16	1. Christ provides for the good of his disciples not only when He is present in the body, but also when far away; for having abundance of means and of skill, He effects one and the same end by contrary actions. Observe, for instance, what He has done here. He leaves His disciples, and goes up into a mountain; and they, when even had come, went down unto the sea. They waited for Him until evening, expecting that He would come unto them; but when even had come, they could no longer endure not to seek their Master; so great a love possessed them. They said not, It is now evening, and night has overtaken us, whither shall we depart? The place is dangerous, the time unsafe; but, goaded by their longing, they entered into the ship.
Jn	6	26	Jesus answered them, and said, Verily, verily, I say unto you, You seek Me, not because ye saw the miracles but because ye did eat of the loaves and were filled. Labor not for the meat which perishes, but for that meat which endures unto everlasting life. 1. The mild and gentle is not always useful, but there are times when the teacher needs sharper language. For if the disciple be dull and gross, then, in order to touch his dullness to the quick, we must rouse him with a goad. And this the Son of God has done in the present as well as in many other cases.
Jn	6	28	1. There is nothing worse, nothing more shameful, than gluttony; it makes the mind gross, and the soul carnal; it blinds, and permits not to see clearly. Observe, for instance, how this is the case with the Jews; for because they were intent upon gluttony, entirely occupied with worldly things, and without any spiritual thoughts, though Christ leads them on by ten thousand sayings, sharp and at the same time forbearing, even thus they arise not, but continue groveling below.
Jn	6	41	1. Whose god is their belly, and whose glory is in their shame Philippians 3:19, said Paul of certain persons, writing to the Philippians. Now that the Jews were of this character is clear, both from what has gone before, and from what they came and said to Christ. For when He gave them bread, and filled their bellies, they said that He was a Prophet, and sought to make Him a King: but when He taught them concerning spiritual food, concerning eternal life, when He led them away from objects of sense, and spoke to them of a resurrection, and raised their thoughts to higher matters, when most they ought to have admired, they murmur and start away.
Jn	6	53	1. When we converse of spiritual things, let there be nothing secular in our souls, nothing earthy, let all such thoughts retire, and be banished, and let us be entirely given up to the hearing the divine oracles only. For if at the arrival of a king all confusion is driven away, much more when the Spirit speaks with us do we need great stillness, great awe. And worthy of awe is that which is said today. How it is so, hear. Verily I say unto you, Except a man eat My flesh, and drink My blood, he has not eternal life in him. Since the Jews had before asserted that this was impossible, He shows not only that it is not impossible, but that it is absolutely necessary. Wherefore He adds, He that eats My flesh and drinks My blood, has eternal life.
Jn	7	1	1. Nothing is worse than envy and malice; through these death entered into the world. For when the devil saw man honored, he endured not his prosperity, but used every means to destroy him. Wisdom 2:24 And from the same root one may everywhere see this same fruit produced. Thus Abel was slain; thus David, with many other just men, was like to have been so; from this also the Jews became Christ-slayers. And declaring this the Evangelist said, After these things Jesus walked in Galilee; for He had not power to walk in Jewry, because the Jews sought to kill Him.
Jn	7	9	1. The things done by Christ after the manner of men, are not so done only to establish the Incarnation, but also to educate us for virtue. For had He done all as God, how could we have known, on falling in with such things as we wished not, what we must do? As, for instance, when He was in this very place, and the Jews would have killed Him, He came into the midst of them, and so appeased the tumult. Now had He done this continually, how should we, not being able to do so, and yet falling into the like case, have known in what way we ought to deal with the matter, whether to perish at once, or even to use some contrivance in order that the word might go forward? Since, therefore, we who have no power could not have understood what to do on coming into the midst of our foes, on this account we are taught this very thing by Him.
Jn	7	25	1. Nothing is placed in the Holy Scriptures without a reason, for they were uttered by the Holy Ghost, therefore let us enquire exactly into every point. For it is possible from one expression to find out the entire meaning (of a passage), as in the case before us. Many of them of Jerusalem said, Is not this he, whom they seek to kill? But, lo, he speaks boldly, and they say nothing unto him. Now why is added, them of Jerusalem? The Evangelist by this shows, that they who had most enjoyed His mighty miracles were more pitiable than any; they who had beheld the greatest proof of His Godhead, and yet committed all to the judgment of their corrupt rulers.
Jn	7	37	1. They who come to the divine preaching and give heed to the faith, must manifest the desire of thirsty men for water, and kindle in themselves a similar longing; so will they be able also very carefully to retain what is said. For as thirsty men, when they have taken a bowl, eagerly drain it and then desist, so too they who hear the divine oracles if they receive them thirsting, will never be weary until they have drunk them up. For to show that men ought ever to thirst and hunger, Blessed, It says, are they which do hunger and thirst after righteousness Matthew 5:6; and here Christ says, If any man thirst, let him come unto Me, and drink. What He says is of this kind, I draw no man to Me by necessity and constraint; but if any has great zeal, if any is inflamed with desire, him I call.
Jn	7	45	1. There is nothing clearer, nothing simpler than the truth, if we deal not perversely; just as (on the other hand) if we deal perversely, nothing is more difficult. For behold, the Scribes and Pharisees, who seemed forsooth to be wiser than other men, being ever with Christ for the sake of plotting against Him, and beholding His miracles, and reading the Scriptures, were nothing profited, but were even harmed; while the officers, who could not claim one of these privileges, were subdued by one single sermon, and they who had gone forth to bind Him, came back bound themselves by wonder.
Jn	8	20	1. Oh the folly of the Jews! seeking Him as they did before the Passover, and then having found Him in the midst of them, and having often attempted to take Him by their own or by others' hands without being able; they were not even so awed by His power, but set themselves to their wickedness, and desisted not. For it says, that they continually made the attempt; These words spoke He in the treasury, teaching in the Temple; and no man laid hands on Him. He spoke in the Temple, and in the character of teacher, which was more adapted to rouse them, and He spoke those things because of which they were stung, and charged Him with making Himself equal to the Father. For the witness of two men is true, proves this.
Jn	8	31	1. Beloved, our condition needs much endurance; and endurance is produced when doctrines are deeply rooted. For as no wind is able by its assaults to tear up the oak, which sends down its root into the lower recesses of the earth, and is firmly clenched there; so too the soul which is nailed by the fear of God none will be able to overturn. Since to be nailed is more than to be rooted. Thus the Prophet prays, saying, Nail my flesh by Your fear Psalm 119:120, Septuagint; do Thou so fix and join me, as by a nail riveted into me. For as men of this kind are hard to be captured, so the opposite sort are a ready prey, and are easily thrown down. As was the case of the Jews at that time; for after having heard and believed, they again turned out of the way.
Jn	8	48	1. A shameless and a forward thing is wickedness, and when it ought to hide itself, then is it the fiercer. As was the case with the Jews. For when they ought to have been pricked by what was said, admiring the boldness and conclusiveness of the words, they even insult Him, calling Him a Samaritan, and saying that He had a devil, and they ask, Said we not well that you are a Samaritan, and hast a devil? Because when He utters anything sublime, this is thought among the very senseless to be madness. Yet nowhere before did the Evangelist say that they called Him a Samaritan; but from this expression it is probable that this had been often asserted by them.
Jn	9	1	And as Jesus passed by, He saw a man which was blind from his birth. And His disciples asked Him, saying, Master, who did sin, this man, or his parents, that he was born blind? 1. And as Jesus passed by, He saw a man which was blind from his birth. Being full of love for man, and caring for our salvation, and desiring to stop the mouths of the foolish, He omits nothing of His own part, though there be none to give heed. And the Prophet knowing this says, That You might be justified when You speak, and be clear when You are judged.
Jn	9	6	1. Those who intend to gain any advantage from what they read, must not pass by even any small portion of the words; and on this account we are bidden to search the Scriptures, because most of the words, although at first sight easy, appear to have in their depth much hidden meaning. For observe of what sort is the present case. Having said these words, It says, He spat on the ground. What words? That the glory of God should be made manifest, and that, I must work the works of Him that sent Me. For not without a cause has the Evangelist mentioned to us His words, and added that, He spat, but to show that He confirmed His words by deeds.
Jn	9	17	1. We must go over the Scriptures not in a chance way or carelessly, but with all exactness, that we be not entangled. Since even now in this place one might with show of reason question, how, when they had asserted, This man is not of God, because he keeps not the Sabbath, they now say to the man, What do you say of him, that he has opened your eyes? and not, What do you say of him, that he has broken the Sabbath? but put now that which was the ground of the defense, not that of the accusation. What then have we to reply? That these (who speak) are not the men who said, This man is not of God, but those who separated themselves from them, who also said, A man that is a sinner cannot do such miracles.
Jn	9	34	1. They who for the sake of the truth and the confession of Christ suffer anything terrible and are insulted, these are especially honored. For as he who loses his possessions for His sake, the same it is who most finds them; as he who hates his own life, the same it is who most loves it; so too he who is insulted, is the same who is most honored. As fell out in the case of the blind man. The Jews cast him out from the Temple, and the Lord of the Temple found him; he was separated from that pestilent company, and met with the Fountain of salvation; he was dishonored by those who dishonored Christ, and was honored by the Lord of Angels. Such are the prizes of truth.
Jn	10	14	1. A great matter, beloved, a great matter it is to preside over a Church: a matter needing wisdom and courage as great as that of which Christ speaks, that a man should lay down his life for the sheep, and never leave them deserted or naked; that he should stand against the wolf nobly. For in this the shepherd differs from the hireling; the one always looks to his own safety, caring not for the sheep; the other always seeks that of the sheep, neglecting his own. Having therefore mentioned the marks of a shepherd, Christ has put two kinds of spoilers; one, the thief who kills and steals; the other, one who does not these things, but who when they are done does not give heed nor hinder them.
Jn	10	22	1. Every virtue is a good thing, but most of all gentleness and meekness. This shows us men; this makes us to differ from wild beasts; this fits us to vie with Angels. Wherefore Christ continually expends many words about this virtue, bidding us be meek and gentle. Nor does He merely expend words about it, but also teaches it by His actions; at one time buffeted and bearing it, at another reproached and plotted against; yet again coming to those who plotted against Him. For those men who had called Him a demoniac, and a Samaritan and who had often desired to kill Him, and had cast stones at Him, the same surrounded and asked Him, Are you the Christ? Yet not even in this case did He reject them after so many and so great plots against Him, but answered them with great gentleness.
Jn	11	1	1. Many men, when they see any of those who are pleasing to God suffering anything terrible, as, for instance, having fallen into sickness, or poverty, and any other the like, are offended, not knowing that to those especially dear to God it belongs to endure these things; since Lazarus also was one of the friends of Christ, and was sick. This at least they who sent said, Behold, he whom You love is sick. But let us consider the passage from the beginning. A certain man, It says, was sick, Lazarus of Bethany. Not without a cause nor by chance has the writer mentioned whence Lazarus was, but for a reason which he will afterwards tell us. At present let us keep to the passage before us.
Jn	11	30	Now Jesus was not yet come into the town, but was in that place where Martha met Him. The Jews then which were with her, and what follows. 1. A great good is philosophy; the philosophy, I mean, which is with us. For what the heathen have is words and fables only; nor have these fables anything truly wise in them; since everything among those men is done for the sake of reputation. A great good then is true wisdom, and even here returns to us a recompense.
Jn	11	41	1. What I have often said, I will now say, that Christ looks not so much to His own honor as to our salvation; not how He may utter some sublime saying, but how something able to draw us to Him. On which account His sublime and mighty sayings are few, and those also hidden, but the humble and lowly are many, and abound through His discourses. For since by these men were the rather brought over, in these He continues; and He does not on the one hand utter these universally, lest the men that should come after should receive damage, nor, on the other hand, does He entirely withhold those, lest the men of that time should be offended.
Jn	11	49	1. The heathen are stuck fast in the destruction which they made; in the trap which they hid is their foot taken. Psalm 9:15, Septuagint This has been the case with the Jews. They said that they would kill Jesus, lest the Romans should come and take away their place and nation; and when they had killed Him, these things happened unto them, and when they had done that by doing which they thought to escape, they yet did not escape. He who was slain is in Heaven, and they who slew have for their portion hell. Yet they did not consider these things; but what? They desired, It says, from that day forth to kill Him John 11:53, for they said, The Romans will come, and will take away our nation; and a certain one of them, Caiaphas, being High Priest that year, said, (being more shameless than the rest,) You know nothing.
Jn	12	8	1. As wealth is wont to hurl into destruction those who are not heedful, so also is power; the first leads into covetousness, the second into pride. See, for instance, how the subject multitude of the Jews is sound, and their rulers corrupt; for that the first of these believed Christ, the Evangelists continually assert, saying, that many of the multitude believed on Him John 7:31-48; but they who were of the rulers, believed not. And they themselves say, not the multitude, Hath any of the rulers believed on Him? But what says one? The multitude who know not God are accursed John 7:49; the believers they call accursed, and themselves the slayers, wise. In this place also, having beheld the miracle, the many believed; but the rulers were not contented with their own evil deeds, they also attempted to kill Lazarus.
Jn	12	25	1. Sweet is the present life, and full of much pleasure, yet not to all, but to those who are riveted to it. Since, if any one look to heaven and see the beauteous things there, he will soon despise this life, and make no account of it. Just as the beauty of an object is admired while none more beautiful is seen, but when a better appears, the former is despised. If then we would choose to look to that beauty, and observe the splendor of the kingdom there, we should soon free ourselves from our present chains; for a kind of chain it is, this sympathy with present things. And hear what Christ says to bring us in to this, He that loves his life shall lose it, and he that hates his life in this world shall keep it unto life eternal; if any man serve Me let him follow Me; and, Where I am, there is My servant also.
Jn	12	34	1. Deceit is a thing easily detected, and weak, though it be daubed outside with ten thousand colors. For as those who whitewash decayed walls, cannot by the plastering make them sound, so too those who lie are easily found out, as in fact was the case here with the Jews. For when Christ said to them, If I be lifted up I will draw all men unto Me; We have heard, says one of them, out of the Law, that Christ remains forever; and how do you say, that the Son of Man must be lifted up? Who is this Son of Man? Even they then knew that Christ was some Immortal One, and had life without end. And therefore they also knew what He meant; for often in Scripture the Passion and the Resurrection are mentioned in the same place. Thus Isaiah puts them together, saying, He was led as a sheep to the slaughter Isaiah 53:7, and all that follows.
Jn	12	42	1. It is necessary for us to avoid alike all the passions which corrupt the soul, but most especially those, which from themselves generate numerous sins. I mean such as the love of money. It is in truth of itself a dreadful malady, but it becomes much more grievous, because it is the root and mother of all mischiefs. Such also is vainglory. See, for instance, how these men were broken off from the faith through their love of honor. Many, it says, of the chief rulers also believed on Him, but because of the Jews they did not confess Him, lest they should be put out of the synagogue. As He said also to them before, How can you believe which receive honor one of another, and seek not the honor that comes from God only? John 5:44 So then they were not rulers, but slaves in the utmost slavery.
Jn	13	1	1. Be imitators of me, said Paul, as I also am of Christ. 1 Corinthians 11:1 For on this account He took also flesh of our substance, that by means of it He might teach us virtue. For (God sending His own Son) in the likeness of sinful flesh, it says, and for sin condemned sin in the flesh. Romans 8:3 And Christ Himself says, Learn of Me, for I am meek and lowly in heart. Matthew 11:29 And this He taught, not by words alone, but by actions also. For they called Him a Samaritan, and one that had a devil, and a deceiver, and cast stones at Him; and at one time the Pharisees sent servants to take Him, at another they sent plotters against Him; and they continued also insulting Him themselves, and that when they had no fault to find, but were even being continually benefited.
Jn	13	1	1. A grievous thing, beloved, a grievous thing it is to come to the depths of wickedness; for then the soul becomes hard to be restored. Wherefore we should use every exertion not to be taken at all; since it is easier not to fall in, than having fallen to recover one's self. Observe, for instance, when Judas had thrown himself into sin, how great assistance he enjoyed, yet not even so was he raised. Christ said to him, One of you is a devil John 6:71; He said, Not all believe John 6:65; He said, I speak not of all, and, I know whom I have chosen John 13:18; and not one of these sayings does he feel. Now when He had washed their feet, and taken His garments, and sat down, He said, Know ye what I have done unto you? He no longer addresses Himself to Peter only, but to them all.
Jn	13	20	1. Great is the recompense of care bestowed upon the servants of God, and of itself it yields to us its fruits. For, he that receives you, it says, receives Me, and he that receives Me, receives Him that sent Me. Matthew 10:40 Now what can be equal to the receiving Christ and His Father? But what kind of connection has this with what was said before? What has it in common with that which He had said, If you do these things happy are you, to add, He that receives you? A close connection, and very harmonious. Observe how. When they were about to go forth and to suffer many dreadful things, He comforts them in two ways; one derived from Himself, the other derived from others. For if, He says, you are truly wise, ever keeping Me in mind, and bearing about all both what I said, and what I did, you will easily endure terrible things.
Jn	13	36	1. A great thing is love, and stronger than fire itself, and it goes up to the very heaven; there is no hindrance which can restrain its tearing force. And so the most fervent Peter, when he hears, Whither I go ye cannot come, what says he? Lord, where are you going? and this he said, not so much from wish to learn, as from desire to follow. To say openly, I go, he dared not yet, but, Where are you going? Christ answered, not to his words, but to his thoughts. For that this was his wish, is clear from what Christ said, Whither I go you can not follow Me now.
Jn	14	8	1. The Prophet said to the Jews, You had the countenance of a harlot, thou were shameless towards all men. Jeremiah 3:3, Septuagint Now it seems fitting to use this expression not only against that city, but against all who shamelessly set their faces against the truth. For when Philip said to Christ, Show us the Father, He replied, Have I been so long time with you, and have you not known Me, Philip? And yet there are some Who even after these words separate the Father from the Son. What proximity do you require closer than this? Indeed from this very saying some have fallen into the malady of Sabellius. But let us, leaving both these and those as involved in directly opposite error, consider the exact meaning of the words. Have I been so long time with you, and have you not known Me, Philip? He says.
Jn	14	15	1. We need everywhere works and actions, not a mere show of words. For to say and to promise is easy for any one, but to act is not equally easy. Why have I made these remarks? Because there are many at this time who say that they fear and love God, but in their works show the contrary; but God requires that love which is shown by works. Wherefore He said to the disciples, If you love Me, keep My commandments. For after He had told them, Whatsoever you shall ask, I will do it, that they might not deem the mere asking to be availing, He added, If you love Me, then, He says, I will do it. And since it was likely that they would be troubled when they heard that, I go to the Father, He tells them to be troubled now is not to love, to love is to obey My words.
Jn	14	31	1. ' Ignorance' makes the soul timid and unmanly, just as instruction in heavenly doctrines makes it great and sublime. For when it has enjoyed no care, it is in a manner timid, not by nature but by will. For when I see the man who once was brave, now become a coward, I say that this latter feeling no longer belongs to nature, for what is natural is immutable. Again, when I see those who but now were cowards all at once become daring, I pass the same judgment, and refer all to will. Since even the disciples were very fearful, before they had learned what they ought, and had been deemed worthy of the gift of the Spirit; yet afterwards they became bolder than lions.
Jn	15	11	1. All things good then have their reward, when they arrive at their proper end, but if they be cut off midway, shipwreck ensues. And as a vessel of immense burden, if it reach not the harbor in time, but founder in the midst of the sea, gains nothing from the length of the voyage, but even makes the calamity greater, in proportion as it has endured more toils; so are those souls which fall back when near the end of their labors, and faint in the midst of the struggle. Wherefore Paul said, that glory, and honor, and peace, should meet those who ran their course with patient continuance in well-doing. A thing which Christ now effects in the case of the disciples.
Jn	16	4	These things I said not unto you at the beginning, because I was with you. But now I go My way to Him that sent Me; and none of you asks Me, Where are You going? But because I have said these things unto you, sorrow has filled your heart. 1. Great is the tyranny of despondency, and much courage do we need so as to stand manfully against the feeling, and after gathering from it what is useful, to let the superfluous go. It has somewhat useful; for when we ourselves or others sin, then only is it good to grieve; but when we fall into human vicissitudes, then despondency is useless. And now when it has overthrown the disciples who were not yet perfect, see how Christ raises them again by His rebuke.
Jn	16	16	1. Nothing is wont so to cast down the soul that is anguished and possessed by deep despondency, as when words which cause pain are continually dwelt upon. Why then did Christ, after saying, I go, and, Hereafter I will not speak with you, continually dwell on the same subject, saying, A little while, and you shall not see Me, because I go to Him that sent Me? When He had recovered them by His words concerning the Spirit, He again casts down their courage. Wherefore does He this? He tests their feelings, and renders them more proved, and well accustoms them by hearing sad things, manfully to bear separation from Him; for they who had practiced this when spoken of in words, were likely in actions also, easily to bear it afterwards. And if one enquire closely, this very thing is a consolation, the saying that, I go to the Father.
Jn	17	1	1. He that has done and taught, it says, the same shall be called great in the Kingdom of heaven. And with much reason; for to show true wisdom in words, is easy, but the proof which is by works is the part of some noble and great one. Wherefore also Christ, speaking of the endurance of evil, puts Himself forth, bidding us take example from Him. On this account too, after this admonition, He betakes Himself to prayer, teaching us in our temptations to leave all things, and flee to God. For because He had said, In the world you shall have tribulation, and had shaken their souls, by the prayer He raises them again.
Jn	17	6	1. 'Messenger' of great counsel Isaiah 9:6, Septuagint, the Son of God is called, because of the other things which He taught, and principally because He announced the Father to men, as also now He says, I have manifested Your Name unto the men. For after having said, I have finished Your work, He next explains it in detail, telling what sort of work. Now the Name indeed was well known. For Esaias said, You shall swear by the true God. Isaiah 65:16. But what I have often told you I tell you now, that though it was known, yet it was so only to Jews, and not to all of these: but now He speaks concerning the Gentiles. Nor does He declare this merely, but also that they knew Him as the Father. For it is not the same thing to learn that He is Creator, and that He has a Son.
Jn	17	14	1. When having become virtuous we are persecuted by the wicked, or when being desirous of virtue we are mocked at by them, let us not be distracted or angry. For this is the natural course of things, and everywhere virtue is wont to engender hatred from wicked men. For envying those who desire to live properly, and thinking to prepare an excuse for themselves if they can overthrow the credit of others, they hate them as having pursuits opposite to their own, and use every means to shame their way of life. But let not us grieve, for this is a mark of virtue. Wherefore Christ also says, If you were of the world, the world would love its own. John 15:19 And in another place again, Woe unto you when all men shall speak well of you. Luke 6:26 Wherefore also He says here, I have given them Your word, and the world has hated them.
Jn	18	1	1. An awful thing is death, and very full of terror, but not to those who have learned the true wisdom which is above. For he that knows nothing certain concerning things to come, but deems it to be a certain dissolution and end of life, with reason shudders and is afraid, as though he were passing into non-existence. But we who, by the grace of God, have learned the hidden and secret things of His wisdom, and deem the action to be a departure to another place, should have no reason to tremble, but rather to rejoice and be glad, that leaving this perishable life we go to one far better and brighter, and which has no end. Which Christ teaching by His actions, goes to His Passion, not by constraint and necessity, but willingly.
Jn	18	37	1. A marvelous thing is longsuffering; it places the soul as in a quiet harbor, fleeing it from tossings and evil spirits. And this everywhere Christ has taught us, but especially now, when He is judged, and dragged, and led about. For when He was brought to Annas, He answered with great gentleness, and, to the servant who smote Him, said what had power to bring down all his insolence; thence having gone to Caiaphas, then to Pilate, and having spent the whole night in these scenes, He all through exhibits His own mildness; and when they said that He was a malefactor, and were not able to prove it, He stood silent; but when He was questioned concerning the Kingdom, then He spoke to Pilate, instructing him, and leading him in to higher matters.
Jn	19	16	1. Successes have terrible power to cast down or draw aside those who take not heed. Thus the Jews, who at first enjoyed the influence of God, sought the law of royalty from the Gentiles, and in the wilderness after the manna remembered the onions. In the same way here, refusing the Kingdom of Christ, they invited to themselves that of Csar. Wherefore God set a king over them, according to their own decision. When then Pilate heard these things, he delivered Him to be crucified. Utterly without reason. For when he ought to have enquired whether Christ had aimed at sovereign power, he pronounced the sentence through fear alone. Yet that this might not befall him, Christ said beforehand, My kingdom is not of this world; but he having given himself wholly up to present things, would practice no great amount of wisdom.
Jn	20	10	1. Full of feeling somehow is the female sex, and more inclined to pity. I say this, lest you should wonder how it could be that Mary wept bitterly at the tomb, while Peter was in no way so affected. For, The disciples, it says, went away unto their own home; but she stood shedding tears. Because hers was a feeble nature, and she as yet knew not accurately the account of the Resurrection; whereas they having seen the linen clothes and believed, departed to their own homes in astonishment. And wherefore went they not straightway to Galilee, as had been commanded them before the Passion? They waited for the others, perhaps, and besides they were yet at the height of their amazement. These then went their way: but she stood at the place, for, as I have said, even the sight of the tomb tended greatly to comfort her.
Jn	20	24	1. As to believe carelessly and in a random way, comes of an over-easy temper; so to be beyond measure curious and meddlesome, marks a most gross understanding. On this account Thomas is held to blame. For he believed not the Apostles when they said, We have seen the Lord; not so much mistrusting them, as deeming the thing to be impossible, that is to say, the resurrection from the dead. Since he says not, I do not believe you, but, Except I put my hand - I do not believe. But how was it, that when all were collected together, he alone was absent? Probably after the dispersion which had lately taken place, he had not returned even then.
Jn	21	15	1. There are indeed many other things which are able to give us boldness towards God, and to show us bright and approved, but that which most of all brings good will from on high, is tender care for our neighbor. Which therefore Christ requires of Peter. For when their eating was ended, Jesus says to Simon Peter, Simon, son of Jonas, do you love Me more than these? He says unto Him, Yea, Lord, You know that I love You. And why, having passed by the others, does He speak with Peter on these matters? He was the chosen one of the Apostles, the mouth of the disciples, the leader of the band; on this account also Paul went up upon a time to enquire of him rather than the others.
